id,title,url
S01,Groww Mutual Fund official homepage,https://www.growwmf.in/
S02,Groww Large Cap Fund Direct Growth,https://www.growwmf.in/mutual-funds/groww-large-cap-fund-direct-growth
S03,Groww Value Fund Direct Growth,https://www.growwmf.in/mutual-funds/groww-value-discovery-fund-direct-growth
S04,Groww ELSS Tax Saver Fund Direct Growth,https://www.growwmf.in/mutual-funds/groww-elss-tax-saver-fund-direct-growth
S05,Groww Large Cap Fund SID,https://assets-netstorage.growwmf.in/compliance_docs/Downloads/SID/Groww%20Large%20Cap%20Fund%20.pdf
S06,Groww Value Fund SID,https://assets-netstorage.growwmf.in/compliance_docs/Downloads/SID/SID_Groww%20Value%20Fund.pdf
S07,Groww ELSS Tax Saver Fund SID,https://assets-netstorage.growwmf.in/compliance_docs/Downloads/SID/Groww%20ELSS%20Tax%20Saving%20Fund.pdf
S08,Groww ELSS Tax Saver Fund KIM,https://assets-netstorage.growwmf.in/compliance_docs/Downloads/KIM/KIM_Groww%20ELSS%20Tax%20Saver%20Fund.pdf
S09,Groww April 2026 monthly factsheet,https://assets-netstorage.growwmf.in/compliance_docs/Downloads/Fact%20Sheet/2026%20-%202027/Monthly%20Factsheet%20-%20April%202026.pdf
S10,Groww factsheet downloads,https://www.growwmf.in/downloads/fact-sheet
S11,Groww portfolio disclosures,https://www.growwmf.in/statutory-disclosure/portfolio
S12,Groww: capital-gains statement help,https://groww.in/help/my-account/ma-others/where-can-i-get-the-tax-proof-for-section-80c
S13,Groww: mutual-fund charges help,https://groww.in/help/mutual-funds/searchable/what-are-the-charges-for-mutual-fund-investments--93
S14,Groww: exit-load help,https://groww.in/help/mutual-funds/order/what-is-exit-load--71
S15,Groww: mutual-fund help centre,https://groww.in/help/mutual-funds
S16,AMFI Investor Corner,https://www.amfiindia.com/investor
S17,AMFI Introduction to Mutual Funds,https://www.amfiindia.com/investor/knowledge-center-info?zoneName=IntroductionMutualFunds
S18,SEBI Risk-o-meter circular,https://www.sebi.gov.in/legal/circulars/oct-2020/circular-on-product-labeling-in-mutual-fund-schemes-risk-o-meter_47796.html
S19,SEBI Mutual Fund filings,https://www.sebi.gov.in/filings/mutual-funds.html
